{
  "success": true,
  "camera_matrix": [
    [
      4405.059385982324,
      0.0,
      1405.5734801791082
    ],
    [
      0.0,
      4407.038254449699,
      1382.4975428287648
    ],
    [
      0.0,
      0.0,
      1.0
    ]
  ],
  "distortion_coefficients": [
    -0.1655014777995137,
    0.13207561338401932,
    0.0007187306568343545,
    -0.0003831061932403573,
    0.06417323435958154
  ],
  "image_size": [
    2848,
    2848
  ],
  "num_images": 8,
  "used_images": [
    "1.png",
    "10.png",
    "11.png",
    "12.png",
    "13.png",
    "14.png",
    "15.png",
    "16.png"
  ]
}